ID,precipitation_probability (%)
region 1_2025-12-21_00,0.0
region 2_2025-12-21_00,0.0
region 3_2025-12-21_00,0.0
region 4_2025-12-21_00,0.0
region 5_2025-12-21_00,0.0
region 6_2025-12-21_00,0.0
region 7_2025-12-21_00,0.0
region 8_2025-12-21_00,0.0
region 1_2025-12-21_01,0.0
region 2_2025-12-21_01,0.0
region 3_2025-12-21_01,0.0
region 4_2025-12-21_01,0.0
region 5_2025-12-21_01,0.0
region 6_2025-12-21_01,0.0
region 7_2025-12-21_01,0.0
region 8_2025-12-21_01,0.0
region 1_2025-12-21_02,0.0
region 2_2025-12-21_02,0.0
region 3_2025-12-21_02,0.0
region 4_2025-12-21_02,0.0
region 5_2025-12-21_02,0.0
region 6_2025-12-21_02,0.0
region 7_2025-12-21_02,0.0
region 8_2025-12-21_02,0.0
region 1_2025-12-21_03,0.0
region 2_2025-12-21_03,0.0
region 3_2025-12-21_03,0.0
region 4_2025-12-21_03,0.0
region 5_2025-12-21_03,0.0
region 6_2025-12-21_03,0.0
region 7_2025-12-21_03,0.0
region 8_2025-12-21_03,0.0
region 1_2025-12-21_04,0.0
region 2_2025-12-21_04,0.0
region 3_2025-12-21_04,0.0
region 4_2025-12-21_04,0.0
region 5_2025-12-21_04,0.0
region 6_2025-12-21_04,0.0
region 7_2025-12-21_04,0.0
region 8_2025-12-21_04,0.0
region 1_2025-12-21_05,0.0
region 2_2025-12-21_05,0.0
region 3_2025-12-21_05,0.0
region 4_2025-12-21_05,0.0
region 5_2025-12-21_05,0.0
region 6_2025-12-21_05,0.0
region 7_2025-12-21_05,0.0
region 8_2025-12-21_05,0.0
region 1_2025-12-21_06,0.0
region 2_2025-12-21_06,0.0
region 3_2025-12-21_06,0.0
region 4_2025-12-21_06,0.0
region 5_2025-12-21_06,0.0
region 6_2025-12-21_06,0.0
region 7_2025-12-21_06,0.0
region 8_2025-12-21_06,0.0
region 1_2025-12-21_07,0.0
region 2_2025-12-21_07,0.0
region 3_2025-12-21_07,0.0
region 4_2025-12-21_07,0.0
region 5_2025-12-21_07,0.0
region 6_2025-12-21_07,0.0
region 7_2025-12-21_07,0.0
region 8_2025-12-21_07,0.0
region 1_2025-12-21_08,0.0
region 2_2025-12-21_08,0.0
region 3_2025-12-21_08,0.0
region 4_2025-12-21_08,0.0
region 5_2025-12-21_08,0.0
region 6_2025-12-21_08,0.0
region 7_2025-12-21_08,0.0
region 8_2025-12-21_08,0.0
region 1_2025-12-21_09,0.0
region 2_2025-12-21_09,0.0
region 3_2025-12-21_09,0.0
region 4_2025-12-21_09,0.0
region 5_2025-12-21_09,0.0
region 6_2025-12-21_09,0.0
region 7_2025-12-21_09,0.0
region 8_2025-12-21_09,0.0
region 1_2025-12-21_10,0.0
region 2_2025-12-21_10,0.0
region 3_2025-12-21_10,0.0
region 4_2025-12-21_10,0.0
region 5_2025-12-21_10,0.0
region 6_2025-12-21_10,0.0
region 7_2025-12-21_10,0.0
region 8_2025-12-21_10,0.0
region 1_2025-12-21_11,0.0
region 2_2025-12-21_11,0.0
region 3_2025-12-21_11,0.0
region 4_2025-12-21_11,0.0
region 5_2025-12-21_11,0.0
region 6_2025-12-21_11,0.0
region 7_2025-12-21_11,0.0
region 8_2025-12-21_11,0.0
region 1_2025-12-21_12,0.0
region 2_2025-12-21_12,0.0
region 3_2025-12-21_12,0.0
region 4_2025-12-21_12,0.0
region 5_2025-12-21_12,0.0
region 6_2025-12-21_12,0.0
region 7_2025-12-21_12,0.0
region 8_2025-12-21_12,0.0
region 1_2025-12-21_13,0.0
region 2_2025-12-21_13,0.0
region 3_2025-12-21_13,0.0
region 4_2025-12-21_13,0.0
region 5_2025-12-21_13,0.0
region 6_2025-12-21_13,0.0
region 7_2025-12-21_13,0.0
region 8_2025-12-21_13,0.0
region 1_2025-12-21_14,0.0
region 2_2025-12-21_14,0.0
region 3_2025-12-21_14,0.0
region 4_2025-12-21_14,0.0
region 5_2025-12-21_14,0.0
region 6_2025-12-21_14,0.0
region 7_2025-12-21_14,0.0
region 8_2025-12-21_14,0.0
region 1_2025-12-21_15,0.0
region 2_2025-12-21_15,0.0
region 3_2025-12-21_15,0.0
region 4_2025-12-21_15,0.0
region 5_2025-12-21_15,0.0
region 6_2025-12-21_15,0.0
region 7_2025-12-21_15,0.0
region 8_2025-12-21_15,0.0
region 1_2025-12-21_16,0.0
region 2_2025-12-21_16,0.0
region 3_2025-12-21_16,0.0
region 4_2025-12-21_16,0.0
region 5_2025-12-21_16,0.0
region 6_2025-12-21_16,0.0
region 7_2025-12-21_16,0.0
region 8_2025-12-21_16,0.0
region 1_2025-12-21_17,0.0
region 2_2025-12-21_17,0.0
region 3_2025-12-21_17,0.0
region 4_2025-12-21_17,0.0
region 5_2025-12-21_17,0.0
region 6_2025-12-21_17,0.0
region 7_2025-12-21_17,0.0
region 8_2025-12-21_17,0.0
region 1_2025-12-21_18,0.0
region 2_2025-12-21_18,0.0
region 3_2025-12-21_18,0.0
region 4_2025-12-21_18,0.0
region 5_2025-12-21_18,0.0
region 6_2025-12-21_18,0.0
region 7_2025-12-21_18,0.0
region 8_2025-12-21_18,0.0
region 1_2025-12-21_19,0.0
region 2_2025-12-21_19,0.0
region 3_2025-12-21_19,0.0
region 4_2025-12-21_19,0.0
region 5_2025-12-21_19,0.0
region 6_2025-12-21_19,0.0
region 7_2025-12-21_19,0.0
region 8_2025-12-21_19,0.0
region 1_2025-12-21_20,0.0
region 2_2025-12-21_20,0.0
region 3_2025-12-21_20,0.0
region 4_2025-12-21_20,0.0
region 5_2025-12-21_20,0.0
region 6_2025-12-21_20,0.0
region 7_2025-12-21_20,0.0
region 8_2025-12-21_20,0.0
region 1_2025-12-21_21,0.0
region 2_2025-12-21_21,0.0
region 3_2025-12-21_21,0.0
region 4_2025-12-21_21,0.0
region 5_2025-12-21_21,0.0
region 6_2025-12-21_21,0.0
region 7_2025-12-21_21,0.0
region 8_2025-12-21_21,0.0
region 1_2025-12-21_22,0.0
region 2_2025-12-21_22,0.0
region 3_2025-12-21_22,0.0
region 4_2025-12-21_22,0.0
region 5_2025-12-21_22,0.0
region 6_2025-12-21_22,0.0
region 7_2025-12-21_22,0.0
region 8_2025-12-21_22,0.0
region 1_2025-12-21_23,0.0
region 2_2025-12-21_23,0.0
region 3_2025-12-21_23,0.0
region 4_2025-12-21_23,0.0
region 5_2025-12-21_23,0.0
region 6_2025-12-21_23,0.0
region 7_2025-12-21_23,0.0
region 8_2025-12-21_23,0.0
region 1_2025-12-22_00,0.0
region 2_2025-12-22_00,0.0
region 3_2025-12-22_00,0.0
region 4_2025-12-22_00,0.0
region 5_2025-12-22_00,0.0
region 6_2025-12-22_00,0.0
region 7_2025-12-22_00,0.0
region 8_2025-12-22_00,0.0
region 1_2025-12-22_01,0.0
region 2_2025-12-22_01,0.0
region 3_2025-12-22_01,0.0
region 4_2025-12-22_01,0.0
region 5_2025-12-22_01,0.0
region 6_2025-12-22_01,0.0
region 7_2025-12-22_01,0.0
region 8_2025-12-22_01,0.0
region 1_2025-12-22_02,0.0
region 2_2025-12-22_02,0.0
region 3_2025-12-22_02,0.0
region 4_2025-12-22_02,0.0
region 5_2025-12-22_02,0.0
region 6_2025-12-22_02,0.0
region 7_2025-12-22_02,0.0
region 8_2025-12-22_02,0.0
region 1_2025-12-22_03,0.0
region 2_2025-12-22_03,0.0
region 3_2025-12-22_03,0.0
region 4_2025-12-22_03,0.0
region 5_2025-12-22_03,0.0
region 6_2025-12-22_03,0.0
region 7_2025-12-22_03,0.0
region 8_2025-12-22_03,0.0
region 1_2025-12-22_04,0.0
region 2_2025-12-22_04,0.0
region 3_2025-12-22_04,0.0
region 4_2025-12-22_04,0.0
region 5_2025-12-22_04,0.0
region 6_2025-12-22_04,0.0
region 7_2025-12-22_04,0.0
region 8_2025-12-22_04,0.0
region 1_2025-12-22_05,0.0
region 2_2025-12-22_05,0.0
region 3_2025-12-22_05,0.0
region 4_2025-12-22_05,0.0
region 5_2025-12-22_05,0.0
region 6_2025-12-22_05,0.0
region 7_2025-12-22_05,0.0
region 8_2025-12-22_05,0.0
region 1_2025-12-22_06,0.0
region 2_2025-12-22_06,0.0
region 3_2025-12-22_06,0.0
region 4_2025-12-22_06,0.0
region 5_2025-12-22_06,0.0
region 6_2025-12-22_06,0.0
region 7_2025-12-22_06,0.0
region 8_2025-12-22_06,0.0
region 1_2025-12-22_07,0.0
region 2_2025-12-22_07,0.0
region 3_2025-12-22_07,0.0
region 4_2025-12-22_07,0.0
region 5_2025-12-22_07,0.0
region 6_2025-12-22_07,0.0
region 7_2025-12-22_07,0.0
region 8_2025-12-22_07,0.0
region 1_2025-12-22_08,0.0
region 2_2025-12-22_08,0.0
region 3_2025-12-22_08,0.0
region 4_2025-12-22_08,0.0
region 5_2025-12-22_08,0.0
region 6_2025-12-22_08,0.0
region 7_2025-12-22_08,0.0
region 8_2025-12-22_08,0.0
region 1_2025-12-22_09,0.0
region 2_2025-12-22_09,0.0
region 3_2025-12-22_09,0.0
region 4_2025-12-22_09,0.0
region 5_2025-12-22_09,0.0
region 6_2025-12-22_09,0.0
region 7_2025-12-22_09,0.0
region 8_2025-12-22_09,0.0
region 1_2025-12-22_10,0.0
region 2_2025-12-22_10,0.0
region 3_2025-12-22_10,0.0
region 4_2025-12-22_10,0.0
region 5_2025-12-22_10,0.0
region 6_2025-12-22_10,0.0
region 7_2025-12-22_10,0.0
region 8_2025-12-22_10,0.0
region 1_2025-12-22_11,0.0
region 2_2025-12-22_11,0.0
region 3_2025-12-22_11,0.0
region 4_2025-12-22_11,0.0
region 5_2025-12-22_11,0.0
region 6_2025-12-22_11,0.0
region 7_2025-12-22_11,0.0
region 8_2025-12-22_11,0.0
region 1_2025-12-22_12,0.0
region 2_2025-12-22_12,0.0
region 3_2025-12-22_12,0.0
region 4_2025-12-22_12,0.0
region 5_2025-12-22_12,0.0
region 6_2025-12-22_12,0.0
region 7_2025-12-22_12,0.0
region 8_2025-12-22_12,0.0
region 1_2025-12-22_13,0.0
region 2_2025-12-22_13,0.0
region 3_2025-12-22_13,0.0
region 4_2025-12-22_13,0.0
region 5_2025-12-22_13,0.0
region 6_2025-12-22_13,0.0
region 7_2025-12-22_13,0.0
region 8_2025-12-22_13,0.0
region 1_2025-12-22_14,0.0
region 2_2025-12-22_14,0.0
region 3_2025-12-22_14,0.0
region 4_2025-12-22_14,0.0
region 5_2025-12-22_14,0.0
region 6_2025-12-22_14,0.0
region 7_2025-12-22_14,0.0
region 8_2025-12-22_14,0.0
region 1_2025-12-22_15,0.0
region 2_2025-12-22_15,0.0
region 3_2025-12-22_15,0.0
region 4_2025-12-22_15,0.0
region 5_2025-12-22_15,0.0
region 6_2025-12-22_15,0.0
region 7_2025-12-22_15,0.0
region 8_2025-12-22_15,0.0
region 1_2025-12-22_16,0.0
region 2_2025-12-22_16,0.0
region 3_2025-12-22_16,0.0
region 4_2025-12-22_16,0.0
region 5_2025-12-22_16,0.0
region 6_2025-12-22_16,0.0
region 7_2025-12-22_16,0.0
region 8_2025-12-22_16,0.0
region 1_2025-12-22_17,0.0
region 2_2025-12-22_17,0.0
region 3_2025-12-22_17,0.0
region 4_2025-12-22_17,0.0
region 5_2025-12-22_17,0.0
region 6_2025-12-22_17,0.0
region 7_2025-12-22_17,0.0
region 8_2025-12-22_17,0.0
region 1_2025-12-22_18,0.0
region 2_2025-12-22_18,0.0
region 3_2025-12-22_18,0.0
region 4_2025-12-22_18,0.0
region 5_2025-12-22_18,0.0
region 6_2025-12-22_18,0.0
region 7_2025-12-22_18,0.0
region 8_2025-12-22_18,0.0
region 1_2025-12-22_19,0.0
region 2_2025-12-22_19,0.0
region 3_2025-12-22_19,0.0
region 4_2025-12-22_19,0.0
region 5_2025-12-22_19,0.0
region 6_2025-12-22_19,0.0
region 7_2025-12-22_19,0.0
region 8_2025-12-22_19,0.0
region 1_2025-12-22_20,0.0
region 2_2025-12-22_20,0.0
region 3_2025-12-22_20,0.0
region 4_2025-12-22_20,0.0
region 5_2025-12-22_20,0.0
region 6_2025-12-22_20,0.0
region 7_2025-12-22_20,0.0
region 8_2025-12-22_20,0.0
region 1_2025-12-22_21,0.0
region 2_2025-12-22_21,0.0
region 3_2025-12-22_21,0.0
region 4_2025-12-22_21,0.0
region 5_2025-12-22_21,0.0
region 6_2025-12-22_21,0.0
region 7_2025-12-22_21,0.0
region 8_2025-12-22_21,0.0
region 1_2025-12-22_22,0.0
region 2_2025-12-22_22,0.0
region 3_2025-12-22_22,0.0
region 4_2025-12-22_22,0.0
region 5_2025-12-22_22,0.0
region 6_2025-12-22_22,0.0
region 7_2025-12-22_22,0.0
region 8_2025-12-22_22,0.0
region 1_2025-12-22_23,0.0
region 2_2025-12-22_23,0.0
region 3_2025-12-22_23,0.0
region 4_2025-12-22_23,0.0
region 5_2025-12-22_23,0.0
region 6_2025-12-22_23,0.0
region 7_2025-12-22_23,0.0
region 8_2025-12-22_23,0.0
region 1_2025-12-23_00,0.0
region 2_2025-12-23_00,0.0
region 3_2025-12-23_00,0.0
region 4_2025-12-23_00,0.0
region 5_2025-12-23_00,0.0
region 6_2025-12-23_00,0.0
region 7_2025-12-23_00,0.0
region 8_2025-12-23_00,0.0
region 1_2025-12-23_01,0.0
region 2_2025-12-23_01,0.0
region 3_2025-12-23_01,0.0
region 4_2025-12-23_01,0.0
region 5_2025-12-23_01,0.0
region 6_2025-12-23_01,0.0
region 7_2025-12-23_01,0.0
region 8_2025-12-23_01,0.0
region 1_2025-12-23_02,0.0
region 2_2025-12-23_02,0.0
region 3_2025-12-23_02,0.0
region 4_2025-12-23_02,0.0
region 5_2025-12-23_02,0.0
region 6_2025-12-23_02,0.0
region 7_2025-12-23_02,0.0
region 8_2025-12-23_02,0.0
region 1_2025-12-23_03,0.0
region 2_2025-12-23_03,0.0
region 3_2025-12-23_03,0.0
region 4_2025-12-23_03,0.0
region 5_2025-12-23_03,0.0
region 6_2025-12-23_03,0.0
region 7_2025-12-23_03,0.0
region 8_2025-12-23_03,0.0
region 1_2025-12-23_04,0.0
region 2_2025-12-23_04,0.0
region 3_2025-12-23_04,0.0
region 4_2025-12-23_04,0.0
region 5_2025-12-23_04,0.0
region 6_2025-12-23_04,0.0
region 7_2025-12-23_04,0.0
region 8_2025-12-23_04,0.0
region 1_2025-12-23_05,0.0
region 2_2025-12-23_05,0.0
region 3_2025-12-23_05,0.0
region 4_2025-12-23_05,0.0
region 5_2025-12-23_05,0.0
region 6_2025-12-23_05,0.0
region 7_2025-12-23_05,0.0
region 8_2025-12-23_05,0.0
region 1_2025-12-23_06,0.0
region 2_2025-12-23_06,0.0
region 3_2025-12-23_06,0.0
region 4_2025-12-23_06,0.0
region 5_2025-12-23_06,0.0
region 6_2025-12-23_06,0.0
region 7_2025-12-23_06,0.0
region 8_2025-12-23_06,0.0
region 1_2025-12-23_07,0.0
region 2_2025-12-23_07,0.0
region 3_2025-12-23_07,0.0
region 4_2025-12-23_07,0.0
region 5_2025-12-23_07,0.0
region 6_2025-12-23_07,0.0
region 7_2025-12-23_07,0.0
region 8_2025-12-23_07,0.0
region 1_2025-12-23_08,0.0
region 2_2025-12-23_08,0.0
region 3_2025-12-23_08,0.0
region 4_2025-12-23_08,0.0
region 5_2025-12-23_08,0.0
region 6_2025-12-23_08,0.0
region 7_2025-12-23_08,0.0
region 8_2025-12-23_08,0.0
region 1_2025-12-23_09,0.0
region 2_2025-12-23_09,0.0
region 3_2025-12-23_09,0.0
region 4_2025-12-23_09,0.0
region 5_2025-12-23_09,0.0
region 6_2025-12-23_09,0.0
region 7_2025-12-23_09,0.0
region 8_2025-12-23_09,0.0
region 1_2025-12-23_10,0.0
region 2_2025-12-23_10,0.0
region 3_2025-12-23_10,0.0
region 4_2025-12-23_10,0.0
region 5_2025-12-23_10,0.0
region 6_2025-12-23_10,0.0
region 7_2025-12-23_10,0.0
region 8_2025-12-23_10,0.0
region 1_2025-12-23_11,0.0
region 2_2025-12-23_11,0.0
region 3_2025-12-23_11,0.0
region 4_2025-12-23_11,0.0
region 5_2025-12-23_11,0.0
region 6_2025-12-23_11,0.0
region 7_2025-12-23_11,0.0
region 8_2025-12-23_11,0.0
region 1_2025-12-23_12,0.0
region 2_2025-12-23_12,0.0
region 3_2025-12-23_12,0.0
region 4_2025-12-23_12,0.0
region 5_2025-12-23_12,0.0
region 6_2025-12-23_12,0.0
region 7_2025-12-23_12,0.0
region 8_2025-12-23_12,0.0
region 1_2025-12-23_13,0.0
region 2_2025-12-23_13,0.0
region 3_2025-12-23_13,0.0
region 4_2025-12-23_13,0.0
region 5_2025-12-23_13,0.0
region 6_2025-12-23_13,0.0
region 7_2025-12-23_13,0.0
region 8_2025-12-23_13,0.0
region 1_2025-12-23_14,0.0
region 2_2025-12-23_14,0.0
region 3_2025-12-23_14,0.0
region 4_2025-12-23_14,0.0
region 5_2025-12-23_14,0.0
region 6_2025-12-23_14,0.0
region 7_2025-12-23_14,0.0
region 8_2025-12-23_14,0.0
region 1_2025-12-23_15,0.0
region 2_2025-12-23_15,0.0
region 3_2025-12-23_15,0.0
region 4_2025-12-23_15,0.0
region 5_2025-12-23_15,0.0
region 6_2025-12-23_15,0.0
region 7_2025-12-23_15,0.0
region 8_2025-12-23_15,0.0
region 1_2025-12-23_16,0.0
region 2_2025-12-23_16,0.0
region 3_2025-12-23_16,0.0
region 4_2025-12-23_16,0.0
region 5_2025-12-23_16,0.0
region 6_2025-12-23_16,0.0
region 7_2025-12-23_16,0.0
region 8_2025-12-23_16,0.0
region 1_2025-12-23_17,0.0
region 2_2025-12-23_17,0.0
region 3_2025-12-23_17,0.0
region 4_2025-12-23_17,0.0
region 5_2025-12-23_17,0.0
region 6_2025-12-23_17,0.0
region 7_2025-12-23_17,0.0
region 8_2025-12-23_17,0.0
region 1_2025-12-23_18,0.0
region 2_2025-12-23_18,0.0
region 3_2025-12-23_18,0.0
region 4_2025-12-23_18,0.0
region 5_2025-12-23_18,0.0
region 6_2025-12-23_18,0.0
region 7_2025-12-23_18,0.0
region 8_2025-12-23_18,0.0
region 1_2025-12-23_19,0.0
region 2_2025-12-23_19,0.0
region 3_2025-12-23_19,0.0
region 4_2025-12-23_19,0.0
region 5_2025-12-23_19,0.0
region 6_2025-12-23_19,0.0
region 7_2025-12-23_19,0.0
region 8_2025-12-23_19,0.0
region 1_2025-12-23_20,0.0
region 2_2025-12-23_20,0.0
region 3_2025-12-23_20,0.0
region 4_2025-12-23_20,0.0
region 5_2025-12-23_20,0.0
region 6_2025-12-23_20,0.0
region 7_2025-12-23_20,0.0
region 8_2025-12-23_20,0.0
region 1_2025-12-23_21,0.0
region 2_2025-12-23_21,0.0
region 3_2025-12-23_21,0.0
region 4_2025-12-23_21,0.0
region 5_2025-12-23_21,0.0
region 6_2025-12-23_21,0.0
region 7_2025-12-23_21,0.0
region 8_2025-12-23_21,0.0
region 1_2025-12-23_22,0.0
region 2_2025-12-23_22,0.0
region 3_2025-12-23_22,0.0
region 4_2025-12-23_22,0.0
region 5_2025-12-23_22,0.0
region 6_2025-12-23_22,0.0
region 7_2025-12-23_22,0.0
region 8_2025-12-23_22,0.0
region 1_2025-12-23_23,0.0
region 2_2025-12-23_23,0.0
region 3_2025-12-23_23,0.0
region 4_2025-12-23_23,0.0
region 5_2025-12-23_23,0.0
region 6_2025-12-23_23,0.0
region 7_2025-12-23_23,0.0
region 8_2025-12-23_23,0.0
region 1_2025-12-24_00,0.0
region 2_2025-12-24_00,0.0
region 3_2025-12-24_00,0.0
region 4_2025-12-24_00,0.0
region 5_2025-12-24_00,0.0
region 6_2025-12-24_00,0.0
region 7_2025-12-24_00,0.0
region 8_2025-12-24_00,0.0
region 1_2025-12-24_01,0.0
region 2_2025-12-24_01,0.0
region 3_2025-12-24_01,0.0
region 4_2025-12-24_01,0.0
region 5_2025-12-24_01,0.0
region 6_2025-12-24_01,0.0
region 7_2025-12-24_01,0.0
region 8_2025-12-24_01,0.0
region 1_2025-12-24_02,0.0
region 2_2025-12-24_02,0.0
region 3_2025-12-24_02,0.0
region 4_2025-12-24_02,0.0
region 5_2025-12-24_02,0.0
region 6_2025-12-24_02,0.0
region 7_2025-12-24_02,0.0
region 8_2025-12-24_02,0.0
region 1_2025-12-24_03,0.0
region 2_2025-12-24_03,0.0
region 3_2025-12-24_03,0.0
region 4_2025-12-24_03,0.0
region 5_2025-12-24_03,0.0
region 6_2025-12-24_03,0.0
region 7_2025-12-24_03,0.0
region 8_2025-12-24_03,0.0
region 1_2025-12-24_04,0.0
region 2_2025-12-24_04,0.0
region 3_2025-12-24_04,0.0
region 4_2025-12-24_04,0.0
region 5_2025-12-24_04,0.0
region 6_2025-12-24_04,0.0
region 7_2025-12-24_04,0.0
region 8_2025-12-24_04,0.0
region 1_2025-12-24_05,0.0
region 2_2025-12-24_05,0.0
region 3_2025-12-24_05,0.0
region 4_2025-12-24_05,0.0
region 5_2025-12-24_05,0.0
region 6_2025-12-24_05,0.0
region 7_2025-12-24_05,0.0
region 8_2025-12-24_05,0.0
region 1_2025-12-24_06,0.0
region 2_2025-12-24_06,0.0
region 3_2025-12-24_06,0.0
region 4_2025-12-24_06,0.0
region 5_2025-12-24_06,0.0
region 6_2025-12-24_06,0.0
region 7_2025-12-24_06,0.0
region 8_2025-12-24_06,0.0
region 1_2025-12-24_07,0.0
region 2_2025-12-24_07,0.0
region 3_2025-12-24_07,0.0
region 4_2025-12-24_07,0.0
region 5_2025-12-24_07,0.0
region 6_2025-12-24_07,0.0
region 7_2025-12-24_07,0.0
region 8_2025-12-24_07,0.0
region 1_2025-12-24_08,0.0
region 2_2025-12-24_08,0.0
region 3_2025-12-24_08,0.0
region 4_2025-12-24_08,0.0
region 5_2025-12-24_08,0.0
region 6_2025-12-24_08,0.0
region 7_2025-12-24_08,0.0
region 8_2025-12-24_08,0.0
region 1_2025-12-24_09,0.0
region 2_2025-12-24_09,0.0
region 3_2025-12-24_09,0.0
region 4_2025-12-24_09,0.0
region 5_2025-12-24_09,0.0
region 6_2025-12-24_09,0.0
region 7_2025-12-24_09,0.0
region 8_2025-12-24_09,0.0
region 1_2025-12-24_10,0.0
region 2_2025-12-24_10,0.0
region 3_2025-12-24_10,0.0
region 4_2025-12-24_10,0.0
region 5_2025-12-24_10,0.0
region 6_2025-12-24_10,0.0
region 7_2025-12-24_10,0.0
region 8_2025-12-24_10,0.0
region 1_2025-12-24_11,0.0
region 2_2025-12-24_11,0.0
region 3_2025-12-24_11,0.0
region 4_2025-12-24_11,0.0
region 5_2025-12-24_11,0.0
region 6_2025-12-24_11,0.0
region 7_2025-12-24_11,0.0
region 8_2025-12-24_11,0.0
region 1_2025-12-24_12,0.0
region 2_2025-12-24_12,0.0
region 3_2025-12-24_12,0.0
region 4_2025-12-24_12,0.0
region 5_2025-12-24_12,0.0
region 6_2025-12-24_12,0.0
region 7_2025-12-24_12,0.0
region 8_2025-12-24_12,0.0
region 1_2025-12-24_13,0.0
region 2_2025-12-24_13,0.0
region 3_2025-12-24_13,0.0
region 4_2025-12-24_13,0.0
region 5_2025-12-24_13,0.0
region 6_2025-12-24_13,0.0
region 7_2025-12-24_13,0.0
region 8_2025-12-24_13,0.0
region 1_2025-12-24_14,0.0
region 2_2025-12-24_14,0.0
region 3_2025-12-24_14,0.0
region 4_2025-12-24_14,0.0
region 5_2025-12-24_14,0.0
region 6_2025-12-24_14,0.0
region 7_2025-12-24_14,0.0
region 8_2025-12-24_14,0.0
region 1_2025-12-24_15,0.0
region 2_2025-12-24_15,0.0
region 3_2025-12-24_15,0.0
region 4_2025-12-24_15,0.0
region 5_2025-12-24_15,0.0
region 6_2025-12-24_15,0.0
region 7_2025-12-24_15,0.0
region 8_2025-12-24_15,0.0
region 1_2025-12-24_16,0.0
region 2_2025-12-24_16,0.0
region 3_2025-12-24_16,0.0
region 4_2025-12-24_16,0.0
region 5_2025-12-24_16,0.0
region 6_2025-12-24_16,0.0
region 7_2025-12-24_16,0.0
region 8_2025-12-24_16,0.0
region 1_2025-12-24_17,0.0
region 2_2025-12-24_17,0.0
region 3_2025-12-24_17,0.0
region 4_2025-12-24_17,0.0
region 5_2025-12-24_17,0.0
region 6_2025-12-24_17,0.0
region 7_2025-12-24_17,0.0
region 8_2025-12-24_17,0.0
region 1_2025-12-24_18,0.0
region 2_2025-12-24_18,0.0
region 3_2025-12-24_18,0.0
region 4_2025-12-24_18,0.0
region 5_2025-12-24_18,0.0
region 6_2025-12-24_18,0.0
region 7_2025-12-24_18,0.0
region 8_2025-12-24_18,0.0
region 1_2025-12-24_19,0.0
region 2_2025-12-24_19,0.0
region 3_2025-12-24_19,0.0
region 4_2025-12-24_19,0.0
region 5_2025-12-24_19,0.0
region 6_2025-12-24_19,0.0
region 7_2025-12-24_19,0.0
region 8_2025-12-24_19,0.0
region 1_2025-12-24_20,0.0
region 2_2025-12-24_20,0.0
region 3_2025-12-24_20,0.0
region 4_2025-12-24_20,0.0
region 5_2025-12-24_20,0.0
region 6_2025-12-24_20,0.0
region 7_2025-12-24_20,0.0
region 8_2025-12-24_20,0.0
region 1_2025-12-24_21,0.0
region 2_2025-12-24_21,0.0
region 3_2025-12-24_21,0.0
region 4_2025-12-24_21,0.0
region 5_2025-12-24_21,0.0
region 6_2025-12-24_21,0.0
region 7_2025-12-24_21,0.0
region 8_2025-12-24_21,0.0
region 1_2025-12-24_22,0.0
region 2_2025-12-24_22,0.0
region 3_2025-12-24_22,0.0
region 4_2025-12-24_22,0.0
region 5_2025-12-24_22,0.0
region 6_2025-12-24_22,0.0
region 7_2025-12-24_22,0.0
region 8_2025-12-24_22,0.0
region 1_2025-12-24_23,0.0
region 2_2025-12-24_23,0.0
region 3_2025-12-24_23,0.0
region 4_2025-12-24_23,0.0
region 5_2025-12-24_23,0.0
region 6_2025-12-24_23,0.0
region 7_2025-12-24_23,0.0
region 8_2025-12-24_23,0.0
region 1_2025-12-25_00,0.0
region 2_2025-12-25_00,0.0
region 3_2025-12-25_00,0.0
region 4_2025-12-25_00,0.0
region 5_2025-12-25_00,0.0
region 6_2025-12-25_00,0.0
region 7_2025-12-25_00,0.0
region 8_2025-12-25_00,0.0
region 1_2025-12-25_01,0.0
region 2_2025-12-25_01,0.0
region 3_2025-12-25_01,0.0
region 4_2025-12-25_01,0.0
region 5_2025-12-25_01,0.0
region 6_2025-12-25_01,0.0
region 7_2025-12-25_01,0.0
region 8_2025-12-25_01,0.0
region 1_2025-12-25_02,0.0
region 2_2025-12-25_02,0.0
region 3_2025-12-25_02,0.0
region 4_2025-12-25_02,0.0
region 5_2025-12-25_02,0.0
region 6_2025-12-25_02,0.0
region 7_2025-12-25_02,0.0
region 8_2025-12-25_02,0.0
region 1_2025-12-25_03,0.0
region 2_2025-12-25_03,0.0
region 3_2025-12-25_03,0.0
region 4_2025-12-25_03,0.0
region 5_2025-12-25_03,0.0
region 6_2025-12-25_03,0.0
region 7_2025-12-25_03,0.0
region 8_2025-12-25_03,0.0
region 1_2025-12-25_04,0.0
region 2_2025-12-25_04,0.0
region 3_2025-12-25_04,0.0
region 4_2025-12-25_04,0.0
region 5_2025-12-25_04,0.0
region 6_2025-12-25_04,0.0
region 7_2025-12-25_04,0.0
region 8_2025-12-25_04,0.0
region 1_2025-12-25_05,0.0
region 2_2025-12-25_05,0.0
region 3_2025-12-25_05,0.0
region 4_2025-12-25_05,0.0
region 5_2025-12-25_05,0.0
region 6_2025-12-25_05,0.0
region 7_2025-12-25_05,0.0
region 8_2025-12-25_05,0.0
region 1_2025-12-25_06,0.0
region 2_2025-12-25_06,0.0
region 3_2025-12-25_06,0.0
region 4_2025-12-25_06,0.0
region 5_2025-12-25_06,0.0
region 6_2025-12-25_06,0.0
region 7_2025-12-25_06,0.0
region 8_2025-12-25_06,0.0
region 1_2025-12-25_07,0.0
region 2_2025-12-25_07,0.0
region 3_2025-12-25_07,0.0
region 4_2025-12-25_07,0.0
region 5_2025-12-25_07,0.0
region 6_2025-12-25_07,0.0
region 7_2025-12-25_07,0.0
region 8_2025-12-25_07,0.0
region 1_2025-12-25_08,0.0
region 2_2025-12-25_08,0.0
region 3_2025-12-25_08,0.0
region 4_2025-12-25_08,0.0
region 5_2025-12-25_08,0.0
region 6_2025-12-25_08,0.0
region 7_2025-12-25_08,0.0
region 8_2025-12-25_08,0.0
region 1_2025-12-25_09,0.0
region 2_2025-12-25_09,0.0
region 3_2025-12-25_09,0.0
region 4_2025-12-25_09,0.0
region 5_2025-12-25_09,0.0
region 6_2025-12-25_09,0.0
region 7_2025-12-25_09,0.0
region 8_2025-12-25_09,0.0
region 1_2025-12-25_10,0.0
region 2_2025-12-25_10,0.0
region 3_2025-12-25_10,0.0
region 4_2025-12-25_10,0.0
region 5_2025-12-25_10,0.0
region 6_2025-12-25_10,0.0
region 7_2025-12-25_10,0.0
region 8_2025-12-25_10,0.0
region 1_2025-12-25_11,0.0
region 2_2025-12-25_11,0.0
region 3_2025-12-25_11,0.0
region 4_2025-12-25_11,0.0
region 5_2025-12-25_11,0.0
region 6_2025-12-25_11,0.0
region 7_2025-12-25_11,0.0
region 8_2025-12-25_11,0.0
region 1_2025-12-25_12,0.0
region 2_2025-12-25_12,0.0
region 3_2025-12-25_12,0.0
region 4_2025-12-25_12,0.0
region 5_2025-12-25_12,0.0
region 6_2025-12-25_12,0.0
region 7_2025-12-25_12,0.0
region 8_2025-12-25_12,0.0
region 1_2025-12-25_13,0.0
region 2_2025-12-25_13,0.0
region 3_2025-12-25_13,0.0
region 4_2025-12-25_13,0.0
region 5_2025-12-25_13,0.0
region 6_2025-12-25_13,0.0
region 7_2025-12-25_13,0.0
region 8_2025-12-25_13,0.0
region 1_2025-12-25_14,0.0
region 2_2025-12-25_14,0.0
region 3_2025-12-25_14,0.0
region 4_2025-12-25_14,0.0
region 5_2025-12-25_14,0.0
region 6_2025-12-25_14,0.0
region 7_2025-12-25_14,0.0
region 8_2025-12-25_14,0.0
region 1_2025-12-25_15,0.0
region 2_2025-12-25_15,0.0
region 3_2025-12-25_15,0.0
region 4_2025-12-25_15,0.0
region 5_2025-12-25_15,0.0
region 6_2025-12-25_15,0.0
region 7_2025-12-25_15,0.0
region 8_2025-12-25_15,0.0
region 1_2025-12-25_16,0.0
region 2_2025-12-25_16,0.0
region 3_2025-12-25_16,0.0
region 4_2025-12-25_16,0.0
region 5_2025-12-25_16,0.0
region 6_2025-12-25_16,0.0
region 7_2025-12-25_16,0.0
region 8_2025-12-25_16,0.0
region 1_2025-12-25_17,0.0
region 2_2025-12-25_17,0.0
region 3_2025-12-25_17,0.0
region 4_2025-12-25_17,0.0
region 5_2025-12-25_17,0.0
region 6_2025-12-25_17,0.0
region 7_2025-12-25_17,0.0
region 8_2025-12-25_17,0.0
region 1_2025-12-25_18,0.0
region 2_2025-12-25_18,0.0
region 3_2025-12-25_18,0.0
region 4_2025-12-25_18,0.0
region 5_2025-12-25_18,0.0
region 6_2025-12-25_18,0.0
region 7_2025-12-25_18,0.0
region 8_2025-12-25_18,0.0
region 1_2025-12-25_19,0.0
region 2_2025-12-25_19,0.0
region 3_2025-12-25_19,0.0
region 4_2025-12-25_19,0.0
region 5_2025-12-25_19,0.0
region 6_2025-12-25_19,0.0
region 7_2025-12-25_19,0.0
region 8_2025-12-25_19,0.0
region 1_2025-12-25_20,0.0
region 2_2025-12-25_20,0.0
region 3_2025-12-25_20,0.0
region 4_2025-12-25_20,0.0
region 5_2025-12-25_20,0.0
region 6_2025-12-25_20,0.0
region 7_2025-12-25_20,0.0
region 8_2025-12-25_20,0.0
region 1_2025-12-25_21,0.0
region 2_2025-12-25_21,0.0
region 3_2025-12-25_21,0.0
region 4_2025-12-25_21,0.0
region 5_2025-12-25_21,0.0
region 6_2025-12-25_21,0.0
region 7_2025-12-25_21,0.0
region 8_2025-12-25_21,0.0
region 1_2025-12-25_22,0.0
region 2_2025-12-25_22,0.0
region 3_2025-12-25_22,0.0
region 4_2025-12-25_22,0.0
region 5_2025-12-25_22,0.0
region 6_2025-12-25_22,0.0
region 7_2025-12-25_22,0.0
region 8_2025-12-25_22,0.0
region 1_2025-12-25_23,0.0
region 2_2025-12-25_23,0.0
region 3_2025-12-25_23,0.0
region 4_2025-12-25_23,0.0
region 5_2025-12-25_23,0.0
region 6_2025-12-25_23,0.0
region 7_2025-12-25_23,0.0
region 8_2025-12-25_23,0.0
region 1_2025-12-26_00,0.0
region 2_2025-12-26_00,0.0
region 3_2025-12-26_00,0.0
region 4_2025-12-26_00,0.0
region 5_2025-12-26_00,0.0
region 6_2025-12-26_00,0.0
region 7_2025-12-26_00,0.0
region 8_2025-12-26_00,0.0
region 1_2025-12-26_01,0.0
region 2_2025-12-26_01,0.0
region 3_2025-12-26_01,0.0
region 4_2025-12-26_01,0.0
region 5_2025-12-26_01,0.0
region 6_2025-12-26_01,0.0
region 7_2025-12-26_01,0.0
region 8_2025-12-26_01,0.0
region 1_2025-12-26_02,0.0
region 2_2025-12-26_02,0.0
region 3_2025-12-26_02,0.0
region 4_2025-12-26_02,0.0
region 5_2025-12-26_02,0.0
region 6_2025-12-26_02,0.0
region 7_2025-12-26_02,0.0
region 8_2025-12-26_02,0.0
region 1_2025-12-26_03,0.0
region 2_2025-12-26_03,0.0
region 3_2025-12-26_03,0.0
region 4_2025-12-26_03,0.0
region 5_2025-12-26_03,0.0
region 6_2025-12-26_03,0.0
region 7_2025-12-26_03,0.0
region 8_2025-12-26_03,0.0
region 1_2025-12-26_04,0.0
region 2_2025-12-26_04,0.0
region 3_2025-12-26_04,0.0
region 4_2025-12-26_04,0.0
region 5_2025-12-26_04,0.0
region 6_2025-12-26_04,0.0
region 7_2025-12-26_04,0.0
region 8_2025-12-26_04,0.0
region 1_2025-12-26_05,0.0
region 2_2025-12-26_05,0.0
region 3_2025-12-26_05,0.0
region 4_2025-12-26_05,0.0
region 5_2025-12-26_05,0.0
region 6_2025-12-26_05,0.0
region 7_2025-12-26_05,0.0
region 8_2025-12-26_05,0.0
region 1_2025-12-26_06,0.0
region 2_2025-12-26_06,0.0
region 3_2025-12-26_06,0.0
region 4_2025-12-26_06,0.0
region 5_2025-12-26_06,0.0
region 6_2025-12-26_06,0.0
region 7_2025-12-26_06,0.0
region 8_2025-12-26_06,0.0
region 1_2025-12-26_07,0.0
region 2_2025-12-26_07,0.0
region 3_2025-12-26_07,0.0
region 4_2025-12-26_07,0.0
region 5_2025-12-26_07,0.0
region 6_2025-12-26_07,0.0
region 7_2025-12-26_07,0.0
region 8_2025-12-26_07,0.0
region 1_2025-12-26_08,0.0
region 2_2025-12-26_08,0.0
region 3_2025-12-26_08,0.0
region 4_2025-12-26_08,0.0
region 5_2025-12-26_08,0.0
region 6_2025-12-26_08,0.0
region 7_2025-12-26_08,0.0
region 8_2025-12-26_08,0.0
region 1_2025-12-26_09,0.0
region 2_2025-12-26_09,0.0
region 3_2025-12-26_09,0.0
region 4_2025-12-26_09,0.0
region 5_2025-12-26_09,0.0
region 6_2025-12-26_09,0.0
region 7_2025-12-26_09,0.0
region 8_2025-12-26_09,0.0
region 1_2025-12-26_10,0.0
region 2_2025-12-26_10,0.0
region 3_2025-12-26_10,0.0
region 4_2025-12-26_10,0.0
region 5_2025-12-26_10,0.0
region 6_2025-12-26_10,0.0
region 7_2025-12-26_10,0.0
region 8_2025-12-26_10,0.0
region 1_2025-12-26_11,0.0
region 2_2025-12-26_11,0.0
region 3_2025-12-26_11,0.0
region 4_2025-12-26_11,0.0
region 5_2025-12-26_11,0.0
region 6_2025-12-26_11,0.0
region 7_2025-12-26_11,0.0
region 8_2025-12-26_11,0.0
region 1_2025-12-26_12,0.0
region 2_2025-12-26_12,0.0
region 3_2025-12-26_12,0.0
region 4_2025-12-26_12,0.0
region 5_2025-12-26_12,0.0
region 6_2025-12-26_12,0.0
region 7_2025-12-26_12,0.0
region 8_2025-12-26_12,0.0
region 1_2025-12-26_13,0.0
region 2_2025-12-26_13,0.0
region 3_2025-12-26_13,0.0
region 4_2025-12-26_13,0.0
region 5_2025-12-26_13,0.0
region 6_2025-12-26_13,0.0
region 7_2025-12-26_13,0.0
region 8_2025-12-26_13,0.0
region 1_2025-12-26_14,0.0
region 2_2025-12-26_14,0.0
region 3_2025-12-26_14,0.0
region 4_2025-12-26_14,0.0
region 5_2025-12-26_14,0.0
region 6_2025-12-26_14,0.0
region 7_2025-12-26_14,0.0
region 8_2025-12-26_14,0.0
region 1_2025-12-26_15,0.0
region 2_2025-12-26_15,0.0
region 3_2025-12-26_15,0.0
region 4_2025-12-26_15,0.0
region 5_2025-12-26_15,0.0
region 6_2025-12-26_15,0.0
region 7_2025-12-26_15,0.0
region 8_2025-12-26_15,0.0
region 1_2025-12-26_16,0.0
region 2_2025-12-26_16,0.0
region 3_2025-12-26_16,0.0
region 4_2025-12-26_16,0.0
region 5_2025-12-26_16,0.0
region 6_2025-12-26_16,0.0
region 7_2025-12-26_16,0.0
region 8_2025-12-26_16,0.0
region 1_2025-12-26_17,0.0
region 2_2025-12-26_17,0.0
region 3_2025-12-26_17,0.0
region 4_2025-12-26_17,0.0
region 5_2025-12-26_17,0.0
region 6_2025-12-26_17,0.0
region 7_2025-12-26_17,0.0
region 8_2025-12-26_17,0.0
region 1_2025-12-26_18,0.0
region 2_2025-12-26_18,0.0
region 3_2025-12-26_18,0.0
region 4_2025-12-26_18,0.0
region 5_2025-12-26_18,0.0
region 6_2025-12-26_18,0.0
region 7_2025-12-26_18,0.0
region 8_2025-12-26_18,0.0
region 1_2025-12-26_19,0.0
region 2_2025-12-26_19,0.0
region 3_2025-12-26_19,0.0
region 4_2025-12-26_19,0.0
region 5_2025-12-26_19,0.0
region 6_2025-12-26_19,0.0
region 7_2025-12-26_19,0.0
region 8_2025-12-26_19,0.0
region 1_2025-12-26_20,0.0
region 2_2025-12-26_20,0.0
region 3_2025-12-26_20,0.0
region 4_2025-12-26_20,0.0
region 5_2025-12-26_20,0.0
region 6_2025-12-26_20,0.0
region 7_2025-12-26_20,0.0
region 8_2025-12-26_20,0.0
region 1_2025-12-26_21,0.0
region 2_2025-12-26_21,0.0
region 3_2025-12-26_21,0.0
region 4_2025-12-26_21,0.0
region 5_2025-12-26_21,0.0
region 6_2025-12-26_21,0.0
region 7_2025-12-26_21,0.0
region 8_2025-12-26_21,0.0
region 1_2025-12-26_22,0.0
region 2_2025-12-26_22,0.0
region 3_2025-12-26_22,0.0
region 4_2025-12-26_22,0.0
region 5_2025-12-26_22,0.0
region 6_2025-12-26_22,0.0
region 7_2025-12-26_22,0.0
region 8_2025-12-26_22,0.0
region 1_2025-12-26_23,0.0
region 2_2025-12-26_23,0.0
region 3_2025-12-26_23,0.0
region 4_2025-12-26_23,0.0
region 5_2025-12-26_23,0.0
region 6_2025-12-26_23,0.0
region 7_2025-12-26_23,0.0
region 8_2025-12-26_23,0.0
region 1_2025-12-27_00,0.0
region 2_2025-12-27_00,0.0
region 3_2025-12-27_00,0.0
region 4_2025-12-27_00,0.0
region 5_2025-12-27_00,0.0
region 6_2025-12-27_00,0.0
region 7_2025-12-27_00,0.0
region 8_2025-12-27_00,0.0
region 1_2025-12-27_01,0.0
region 2_2025-12-27_01,0.0
region 3_2025-12-27_01,0.0
region 4_2025-12-27_01,0.0
region 5_2025-12-27_01,0.0
region 6_2025-12-27_01,0.0
region 7_2025-12-27_01,0.0
region 8_2025-12-27_01,0.0
region 1_2025-12-27_02,0.0
region 2_2025-12-27_02,0.0
region 3_2025-12-27_02,0.0
region 4_2025-12-27_02,0.0
region 5_2025-12-27_02,0.0
region 6_2025-12-27_02,0.0
region 7_2025-12-27_02,0.0
region 8_2025-12-27_02,0.0
region 1_2025-12-27_03,0.0
region 2_2025-12-27_03,0.0
region 3_2025-12-27_03,0.0
region 4_2025-12-27_03,0.0
region 5_2025-12-27_03,0.0
region 6_2025-12-27_03,0.0
region 7_2025-12-27_03,0.0
region 8_2025-12-27_03,0.0
region 1_2025-12-27_04,0.0
region 2_2025-12-27_04,0.0
region 3_2025-12-27_04,0.0
region 4_2025-12-27_04,0.0
region 5_2025-12-27_04,0.0
region 6_2025-12-27_04,0.0
region 7_2025-12-27_04,0.0
region 8_2025-12-27_04,0.0
region 1_2025-12-27_05,0.0
region 2_2025-12-27_05,0.0
region 3_2025-12-27_05,0.0
region 4_2025-12-27_05,0.0
region 5_2025-12-27_05,0.0
region 6_2025-12-27_05,0.0
region 7_2025-12-27_05,0.0
region 8_2025-12-27_05,0.0
region 1_2025-12-27_06,0.0
region 2_2025-12-27_06,0.0
region 3_2025-12-27_06,0.0
region 4_2025-12-27_06,0.0
region 5_2025-12-27_06,0.0
region 6_2025-12-27_06,0.0
region 7_2025-12-27_06,0.0
region 8_2025-12-27_06,0.0
region 1_2025-12-27_07,0.0
region 2_2025-12-27_07,0.0
region 3_2025-12-27_07,0.0
region 4_2025-12-27_07,0.0
region 5_2025-12-27_07,0.0
region 6_2025-12-27_07,0.0
region 7_2025-12-27_07,0.0
region 8_2025-12-27_07,0.0
region 1_2025-12-27_08,0.0
region 2_2025-12-27_08,0.0
region 3_2025-12-27_08,0.0
region 4_2025-12-27_08,0.0
region 5_2025-12-27_08,0.0
region 6_2025-12-27_08,0.0
region 7_2025-12-27_08,0.0
region 8_2025-12-27_08,0.0
region 1_2025-12-27_09,0.0
region 2_2025-12-27_09,0.0
region 3_2025-12-27_09,0.0
region 4_2025-12-27_09,0.0
region 5_2025-12-27_09,0.0
region 6_2025-12-27_09,0.0
region 7_2025-12-27_09,0.0
region 8_2025-12-27_09,0.0
region 1_2025-12-27_10,0.0
region 2_2025-12-27_10,0.0
region 3_2025-12-27_10,0.0
region 4_2025-12-27_10,0.0
region 5_2025-12-27_10,0.0
region 6_2025-12-27_10,0.0
region 7_2025-12-27_10,0.0
region 8_2025-12-27_10,0.0
region 1_2025-12-27_11,0.0
region 2_2025-12-27_11,0.0
region 3_2025-12-27_11,0.0
region 4_2025-12-27_11,0.0
region 5_2025-12-27_11,0.0
region 6_2025-12-27_11,0.0
region 7_2025-12-27_11,0.0
region 8_2025-12-27_11,0.0
region 1_2025-12-27_12,0.0
region 2_2025-12-27_12,0.0
region 3_2025-12-27_12,0.0
region 4_2025-12-27_12,0.0
region 5_2025-12-27_12,0.0
region 6_2025-12-27_12,0.0
region 7_2025-12-27_12,0.0
region 8_2025-12-27_12,0.0
region 1_2025-12-27_13,0.0
region 2_2025-12-27_13,0.0
region 3_2025-12-27_13,0.0
region 4_2025-12-27_13,0.0
region 5_2025-12-27_13,0.0
region 6_2025-12-27_13,0.0
region 7_2025-12-27_13,0.0
region 8_2025-12-27_13,0.0
region 1_2025-12-27_14,0.0
region 2_2025-12-27_14,0.0
region 3_2025-12-27_14,0.0
region 4_2025-12-27_14,0.0
region 5_2025-12-27_14,0.0
region 6_2025-12-27_14,0.0
region 7_2025-12-27_14,0.0
region 8_2025-12-27_14,0.0
region 1_2025-12-27_15,0.0
region 2_2025-12-27_15,0.0
region 3_2025-12-27_15,0.0
region 4_2025-12-27_15,0.0
region 5_2025-12-27_15,0.0
region 6_2025-12-27_15,0.0
region 7_2025-12-27_15,0.0
region 8_2025-12-27_15,0.0
region 1_2025-12-27_16,0.0
region 2_2025-12-27_16,0.0
region 3_2025-12-27_16,0.0
region 4_2025-12-27_16,0.0
region 5_2025-12-27_16,0.0
region 6_2025-12-27_16,0.0
region 7_2025-12-27_16,0.0
region 8_2025-12-27_16,0.0
region 1_2025-12-27_17,0.0
region 2_2025-12-27_17,0.0
region 3_2025-12-27_17,0.0
region 4_2025-12-27_17,0.0
region 5_2025-12-27_17,0.0
region 6_2025-12-27_17,0.0
region 7_2025-12-27_17,0.0
region 8_2025-12-27_17,0.0
region 1_2025-12-27_18,0.0
region 2_2025-12-27_18,0.0
region 3_2025-12-27_18,0.0
region 4_2025-12-27_18,0.0
region 5_2025-12-27_18,0.0
region 6_2025-12-27_18,0.0
region 7_2025-12-27_18,0.0
region 8_2025-12-27_18,0.0
region 1_2025-12-27_19,0.0
region 2_2025-12-27_19,0.0
region 3_2025-12-27_19,0.0
region 4_2025-12-27_19,0.0
region 5_2025-12-27_19,0.0
region 6_2025-12-27_19,0.0
region 7_2025-12-27_19,0.0
region 8_2025-12-27_19,0.0
region 1_2025-12-27_20,0.0
region 2_2025-12-27_20,0.0
region 3_2025-12-27_20,0.0
region 4_2025-12-27_20,0.0
region 5_2025-12-27_20,0.0
region 6_2025-12-27_20,0.0
region 7_2025-12-27_20,0.0
region 8_2025-12-27_20,0.0
region 1_2025-12-27_21,0.0
region 2_2025-12-27_21,0.0
region 3_2025-12-27_21,0.0
region 4_2025-12-27_21,0.0
region 5_2025-12-27_21,0.0
region 6_2025-12-27_21,0.0
region 7_2025-12-27_21,0.0
region 8_2025-12-27_21,0.0
region 1_2025-12-27_22,0.0
region 2_2025-12-27_22,0.0
region 3_2025-12-27_22,0.0
region 4_2025-12-27_22,0.0
region 5_2025-12-27_22,0.0
region 6_2025-12-27_22,0.0
region 7_2025-12-27_22,0.0
region 8_2025-12-27_22,0.0
region 1_2025-12-27_23,0.0
region 2_2025-12-27_23,0.0
region 3_2025-12-27_23,0.0
region 4_2025-12-27_23,0.0
region 5_2025-12-27_23,0.0
region 6_2025-12-27_23,0.0
region 7_2025-12-27_23,0.0
region 8_2025-12-27_23,0.0
region 1_2025-12-28_00,0.0
region 2_2025-12-28_00,0.0
region 3_2025-12-28_00,0.0
region 4_2025-12-28_00,0.0
region 5_2025-12-28_00,0.0
region 6_2025-12-28_00,0.0
region 7_2025-12-28_00,0.0
region 8_2025-12-28_00,0.0
region 1_2025-12-28_01,0.0
region 2_2025-12-28_01,0.0
region 3_2025-12-28_01,0.0
region 4_2025-12-28_01,0.0
region 5_2025-12-28_01,0.0
region 6_2025-12-28_01,0.0
region 7_2025-12-28_01,0.0
region 8_2025-12-28_01,0.0
region 1_2025-12-28_02,0.0
region 2_2025-12-28_02,0.0
region 3_2025-12-28_02,0.0
region 4_2025-12-28_02,0.0
region 5_2025-12-28_02,0.0
region 6_2025-12-28_02,0.0
region 7_2025-12-28_02,0.0
region 8_2025-12-28_02,0.0
region 1_2025-12-28_03,0.0
region 2_2025-12-28_03,0.0
region 3_2025-12-28_03,0.0
region 4_2025-12-28_03,0.0
region 5_2025-12-28_03,0.0
region 6_2025-12-28_03,0.0
region 7_2025-12-28_03,0.0
region 8_2025-12-28_03,0.0
region 1_2025-12-28_04,0.0
region 2_2025-12-28_04,0.0
region 3_2025-12-28_04,0.0
region 4_2025-12-28_04,0.0
region 5_2025-12-28_04,0.0
region 6_2025-12-28_04,0.0
region 7_2025-12-28_04,0.0
region 8_2025-12-28_04,0.0
region 1_2025-12-28_05,0.0
region 2_2025-12-28_05,0.0
region 3_2025-12-28_05,0.0
region 4_2025-12-28_05,0.0
region 5_2025-12-28_05,0.0
region 6_2025-12-28_05,0.0
region 7_2025-12-28_05,0.0
region 8_2025-12-28_05,0.0
region 1_2025-12-28_06,0.0
region 2_2025-12-28_06,0.0
region 3_2025-12-28_06,0.0
region 4_2025-12-28_06,0.0
region 5_2025-12-28_06,0.0
region 6_2025-12-28_06,0.0
region 7_2025-12-28_06,0.0
region 8_2025-12-28_06,0.0
region 1_2025-12-28_07,0.0
region 2_2025-12-28_07,0.0
region 3_2025-12-28_07,0.0
region 4_2025-12-28_07,0.0
region 5_2025-12-28_07,0.0
region 6_2025-12-28_07,0.0
region 7_2025-12-28_07,0.0
region 8_2025-12-28_07,0.0
region 1_2025-12-28_08,0.0
region 2_2025-12-28_08,0.0
region 3_2025-12-28_08,0.0
region 4_2025-12-28_08,0.0
region 5_2025-12-28_08,0.0
region 6_2025-12-28_08,0.0
region 7_2025-12-28_08,0.0
region 8_2025-12-28_08,0.0
region 1_2025-12-28_09,0.0
region 2_2025-12-28_09,0.0
region 3_2025-12-28_09,0.0
region 4_2025-12-28_09,0.0
region 5_2025-12-28_09,0.0
region 6_2025-12-28_09,0.0
region 7_2025-12-28_09,0.0
region 8_2025-12-28_09,0.0
region 1_2025-12-28_10,0.0
region 2_2025-12-28_10,0.0
region 3_2025-12-28_10,0.0
region 4_2025-12-28_10,0.0
region 5_2025-12-28_10,0.0
region 6_2025-12-28_10,0.0
region 7_2025-12-28_10,0.0
region 8_2025-12-28_10,0.0
region 1_2025-12-28_11,0.0
region 2_2025-12-28_11,0.0
region 3_2025-12-28_11,0.0
region 4_2025-12-28_11,0.0
region 5_2025-12-28_11,0.0
region 6_2025-12-28_11,0.0
region 7_2025-12-28_11,0.0
region 8_2025-12-28_11,0.0
region 1_2025-12-28_12,0.0
region 2_2025-12-28_12,0.0
region 3_2025-12-28_12,0.0
region 4_2025-12-28_12,0.0
region 5_2025-12-28_12,0.0
region 6_2025-12-28_12,0.0
region 7_2025-12-28_12,0.0
region 8_2025-12-28_12,0.0
region 1_2025-12-28_13,0.0
region 2_2025-12-28_13,0.0
region 3_2025-12-28_13,0.0
region 4_2025-12-28_13,0.0
region 5_2025-12-28_13,0.0
region 6_2025-12-28_13,0.0
region 7_2025-12-28_13,0.0
region 8_2025-12-28_13,0.0
region 1_2025-12-28_14,0.0
region 2_2025-12-28_14,0.0
region 3_2025-12-28_14,0.0
region 4_2025-12-28_14,0.0
region 5_2025-12-28_14,0.0
region 6_2025-12-28_14,0.0
region 7_2025-12-28_14,0.0
region 8_2025-12-28_14,0.0
region 1_2025-12-28_15,0.0
region 2_2025-12-28_15,0.0
region 3_2025-12-28_15,0.0
region 4_2025-12-28_15,0.0
region 5_2025-12-28_15,0.0
region 6_2025-12-28_15,0.0
region 7_2025-12-28_15,0.0
region 8_2025-12-28_15,0.0
region 1_2025-12-28_16,0.0
region 2_2025-12-28_16,0.0
region 3_2025-12-28_16,0.0
region 4_2025-12-28_16,0.0
region 5_2025-12-28_16,0.0
region 6_2025-12-28_16,0.0
region 7_2025-12-28_16,0.0
region 8_2025-12-28_16,0.0
region 1_2025-12-28_17,0.0
region 2_2025-12-28_17,0.0
region 3_2025-12-28_17,0.0
region 4_2025-12-28_17,0.0
region 5_2025-12-28_17,0.0
region 6_2025-12-28_17,0.0
region 7_2025-12-28_17,0.0
region 8_2025-12-28_17,0.0
region 1_2025-12-28_18,0.0
region 2_2025-12-28_18,0.0
region 3_2025-12-28_18,0.0
region 4_2025-12-28_18,0.0
region 5_2025-12-28_18,0.0
region 6_2025-12-28_18,0.0
region 7_2025-12-28_18,0.0
region 8_2025-12-28_18,0.0
region 1_2025-12-28_19,0.0
region 2_2025-12-28_19,0.0
region 3_2025-12-28_19,0.0
region 4_2025-12-28_19,0.0
region 5_2025-12-28_19,0.0
region 6_2025-12-28_19,0.0
region 7_2025-12-28_19,0.0
region 8_2025-12-28_19,0.0
region 1_2025-12-28_20,0.0
region 2_2025-12-28_20,0.0
region 3_2025-12-28_20,0.0
region 4_2025-12-28_20,0.0
region 5_2025-12-28_20,0.0
region 6_2025-12-28_20,0.0
region 7_2025-12-28_20,0.0
region 8_2025-12-28_20,0.0
region 1_2025-12-28_21,0.0
region 2_2025-12-28_21,0.0
region 3_2025-12-28_21,0.0
region 4_2025-12-28_21,0.0
region 5_2025-12-28_21,0.0
region 6_2025-12-28_21,0.0
region 7_2025-12-28_21,0.0
region 8_2025-12-28_21,0.0
region 1_2025-12-28_22,0.0
region 2_2025-12-28_22,0.0
region 3_2025-12-28_22,0.0
region 4_2025-12-28_22,0.0
region 5_2025-12-28_22,0.0
region 6_2025-12-28_22,0.0
region 7_2025-12-28_22,0.0
region 8_2025-12-28_22,0.0
region 1_2025-12-28_23,0.0
region 2_2025-12-28_23,0.0
region 3_2025-12-28_23,0.0
region 4_2025-12-28_23,0.0
region 5_2025-12-28_23,0.0
region 6_2025-12-28_23,0.0
region 7_2025-12-28_23,0.0
region 8_2025-12-28_23,0.0
region 1_2025-12-29_00,0.0
region 2_2025-12-29_00,0.0
region 3_2025-12-29_00,0.0
region 4_2025-12-29_00,0.0
region 5_2025-12-29_00,0.0
region 6_2025-12-29_00,0.0
region 7_2025-12-29_00,0.0
region 8_2025-12-29_00,0.0
region 1_2025-12-29_01,0.0
region 2_2025-12-29_01,0.0
region 3_2025-12-29_01,0.0
region 4_2025-12-29_01,0.0
region 5_2025-12-29_01,0.0
region 6_2025-12-29_01,0.0
region 7_2025-12-29_01,0.0
region 8_2025-12-29_01,0.0
region 1_2025-12-29_02,0.0
region 2_2025-12-29_02,0.0
region 3_2025-12-29_02,0.0
region 4_2025-12-29_02,0.0
region 5_2025-12-29_02,0.0
region 6_2025-12-29_02,0.0
region 7_2025-12-29_02,0.0
region 8_2025-12-29_02,0.0
region 1_2025-12-29_03,0.0
region 2_2025-12-29_03,0.0
region 3_2025-12-29_03,0.0
region 4_2025-12-29_03,0.0
region 5_2025-12-29_03,0.0
region 6_2025-12-29_03,0.0
region 7_2025-12-29_03,0.0
region 8_2025-12-29_03,0.0
region 1_2025-12-29_04,0.0
region 2_2025-12-29_04,0.0
region 3_2025-12-29_04,0.0
region 4_2025-12-29_04,0.0
region 5_2025-12-29_04,0.0
region 6_2025-12-29_04,0.0
region 7_2025-12-29_04,0.0
region 8_2025-12-29_04,0.0
region 1_2025-12-29_05,0.0
region 2_2025-12-29_05,0.0
region 3_2025-12-29_05,0.0
region 4_2025-12-29_05,0.0
region 5_2025-12-29_05,0.0
region 6_2025-12-29_05,0.0
region 7_2025-12-29_05,0.0
region 8_2025-12-29_05,0.0
region 1_2025-12-29_06,0.0
region 2_2025-12-29_06,0.0
region 3_2025-12-29_06,0.0
region 4_2025-12-29_06,0.0
region 5_2025-12-29_06,0.0
region 6_2025-12-29_06,0.0
region 7_2025-12-29_06,0.0
region 8_2025-12-29_06,0.0
region 1_2025-12-29_07,0.0
region 2_2025-12-29_07,0.0
region 3_2025-12-29_07,0.0
region 4_2025-12-29_07,0.0
region 5_2025-12-29_07,0.0
region 6_2025-12-29_07,0.0
region 7_2025-12-29_07,0.0
region 8_2025-12-29_07,0.0
region 1_2025-12-29_08,0.0
region 2_2025-12-29_08,0.0
region 3_2025-12-29_08,0.0
region 4_2025-12-29_08,0.0
region 5_2025-12-29_08,0.0
region 6_2025-12-29_08,0.0
region 7_2025-12-29_08,0.0
region 8_2025-12-29_08,0.0
region 1_2025-12-29_09,0.0
region 2_2025-12-29_09,0.0
region 3_2025-12-29_09,0.0
region 4_2025-12-29_09,0.0
region 5_2025-12-29_09,0.0
region 6_2025-12-29_09,0.0
region 7_2025-12-29_09,0.0
region 8_2025-12-29_09,0.0
region 1_2025-12-29_10,0.0
region 2_2025-12-29_10,0.0
region 3_2025-12-29_10,0.0
region 4_2025-12-29_10,0.0
region 5_2025-12-29_10,0.0
region 6_2025-12-29_10,0.0
region 7_2025-12-29_10,0.0
region 8_2025-12-29_10,0.0
region 1_2025-12-29_11,0.0
region 2_2025-12-29_11,0.0
region 3_2025-12-29_11,0.0
region 4_2025-12-29_11,0.0
region 5_2025-12-29_11,0.0
region 6_2025-12-29_11,0.0
region 7_2025-12-29_11,0.0
region 8_2025-12-29_11,0.0
region 1_2025-12-29_12,0.0
region 2_2025-12-29_12,0.0
region 3_2025-12-29_12,0.0
region 4_2025-12-29_12,0.0
region 5_2025-12-29_12,0.0
region 6_2025-12-29_12,0.0
region 7_2025-12-29_12,0.0
region 8_2025-12-29_12,0.0
region 1_2025-12-29_13,0.0
region 2_2025-12-29_13,0.0
region 3_2025-12-29_13,0.0
region 4_2025-12-29_13,0.0
region 5_2025-12-29_13,0.0
region 6_2025-12-29_13,0.0
region 7_2025-12-29_13,0.0
region 8_2025-12-29_13,0.0
region 1_2025-12-29_14,0.0
region 2_2025-12-29_14,0.0
region 3_2025-12-29_14,0.0
region 4_2025-12-29_14,0.0
region 5_2025-12-29_14,0.0
region 6_2025-12-29_14,0.0
region 7_2025-12-29_14,0.0
region 8_2025-12-29_14,0.0
region 1_2025-12-29_15,0.0
region 2_2025-12-29_15,0.0
region 3_2025-12-29_15,0.0
region 4_2025-12-29_15,0.0
region 5_2025-12-29_15,0.0
region 6_2025-12-29_15,0.0
region 7_2025-12-29_15,0.0
region 8_2025-12-29_15,0.0
region 1_2025-12-29_16,0.0
region 2_2025-12-29_16,0.0
region 3_2025-12-29_16,0.0
region 4_2025-12-29_16,0.0
region 5_2025-12-29_16,0.0
region 6_2025-12-29_16,0.0
region 7_2025-12-29_16,0.0
region 8_2025-12-29_16,0.0
region 1_2025-12-29_17,0.0
region 2_2025-12-29_17,0.0
region 3_2025-12-29_17,0.0
region 4_2025-12-29_17,0.0
region 5_2025-12-29_17,0.0
region 6_2025-12-29_17,0.0
region 7_2025-12-29_17,0.0
region 8_2025-12-29_17,0.0
region 1_2025-12-29_18,0.0
region 2_2025-12-29_18,0.0
region 3_2025-12-29_18,0.0
region 4_2025-12-29_18,0.0
region 5_2025-12-29_18,0.0
region 6_2025-12-29_18,0.0
region 7_2025-12-29_18,0.0
region 8_2025-12-29_18,0.0
region 1_2025-12-29_19,0.0
region 2_2025-12-29_19,0.0
region 3_2025-12-29_19,0.0
region 4_2025-12-29_19,0.0
region 5_2025-12-29_19,0.0
region 6_2025-12-29_19,0.0
region 7_2025-12-29_19,0.0
region 8_2025-12-29_19,0.0
region 1_2025-12-29_20,0.0
region 2_2025-12-29_20,0.0
region 3_2025-12-29_20,0.0
region 4_2025-12-29_20,0.0
region 5_2025-12-29_20,0.0
region 6_2025-12-29_20,0.0
region 7_2025-12-29_20,0.0
region 8_2025-12-29_20,0.0
region 1_2025-12-29_21,0.0
region 2_2025-12-29_21,0.0
region 3_2025-12-29_21,0.0
region 4_2025-12-29_21,0.0
region 5_2025-12-29_21,0.0
region 6_2025-12-29_21,0.0
region 7_2025-12-29_21,0.0
region 8_2025-12-29_21,0.0
region 1_2025-12-29_22,0.0
region 2_2025-12-29_22,0.0
region 3_2025-12-29_22,0.0
region 4_2025-12-29_22,0.0
region 5_2025-12-29_22,0.0
region 6_2025-12-29_22,0.0
region 7_2025-12-29_22,0.0
region 8_2025-12-29_22,0.0
region 1_2025-12-29_23,0.0
region 2_2025-12-29_23,0.0
region 3_2025-12-29_23,0.0
region 4_2025-12-29_23,0.0
region 5_2025-12-29_23,0.0
region 6_2025-12-29_23,0.0
region 7_2025-12-29_23,0.0
region 8_2025-12-29_23,0.0
region 1_2025-12-30_00,0.0
region 2_2025-12-30_00,0.0
region 3_2025-12-30_00,0.0
region 4_2025-12-30_00,0.0
region 5_2025-12-30_00,0.0
region 6_2025-12-30_00,0.0
region 7_2025-12-30_00,0.0
region 8_2025-12-30_00,0.0
region 1_2025-12-30_01,0.0
region 2_2025-12-30_01,0.0
region 3_2025-12-30_01,0.0
region 4_2025-12-30_01,0.0
region 5_2025-12-30_01,0.0
region 6_2025-12-30_01,0.0
region 7_2025-12-30_01,0.0
region 8_2025-12-30_01,0.0
region 1_2025-12-30_02,0.0
region 2_2025-12-30_02,0.0
region 3_2025-12-30_02,0.0
region 4_2025-12-30_02,0.0
region 5_2025-12-30_02,0.0
region 6_2025-12-30_02,0.0
region 7_2025-12-30_02,0.0
region 8_2025-12-30_02,0.0
region 1_2025-12-30_03,0.0
region 2_2025-12-30_03,0.0
region 3_2025-12-30_03,0.0
region 4_2025-12-30_03,0.0
region 5_2025-12-30_03,0.0
region 6_2025-12-30_03,0.0
region 7_2025-12-30_03,0.0
region 8_2025-12-30_03,0.0
region 1_2025-12-30_04,0.0
region 2_2025-12-30_04,0.0
region 3_2025-12-30_04,0.0
region 4_2025-12-30_04,0.0
region 5_2025-12-30_04,0.0
region 6_2025-12-30_04,0.0
region 7_2025-12-30_04,0.0
region 8_2025-12-30_04,0.0
region 1_2025-12-30_05,0.0
region 2_2025-12-30_05,0.0
region 3_2025-12-30_05,0.0
region 4_2025-12-30_05,0.0
region 5_2025-12-30_05,0.0
region 6_2025-12-30_05,0.0
region 7_2025-12-30_05,0.0
region 8_2025-12-30_05,0.0
region 1_2025-12-30_06,0.0
region 2_2025-12-30_06,0.0
region 3_2025-12-30_06,0.0
region 4_2025-12-30_06,0.0
region 5_2025-12-30_06,0.0
region 6_2025-12-30_06,0.0
region 7_2025-12-30_06,0.0
region 8_2025-12-30_06,0.0
region 1_2025-12-30_07,0.0
region 2_2025-12-30_07,0.0
region 3_2025-12-30_07,0.0
region 4_2025-12-30_07,0.0
region 5_2025-12-30_07,0.0
region 6_2025-12-30_07,0.0
region 7_2025-12-30_07,0.0
region 8_2025-12-30_07,0.0
region 1_2025-12-30_08,0.0
region 2_2025-12-30_08,0.0
region 3_2025-12-30_08,0.0
region 4_2025-12-30_08,0.0
region 5_2025-12-30_08,0.0
region 6_2025-12-30_08,0.0
region 7_2025-12-30_08,0.0
region 8_2025-12-30_08,0.0
region 1_2025-12-30_09,0.0
region 2_2025-12-30_09,0.0
region 3_2025-12-30_09,0.0
region 4_2025-12-30_09,0.0
region 5_2025-12-30_09,0.0
region 6_2025-12-30_09,0.0
region 7_2025-12-30_09,0.0
region 8_2025-12-30_09,0.0
region 1_2025-12-30_10,0.0
region 2_2025-12-30_10,0.0
region 3_2025-12-30_10,0.0
region 4_2025-12-30_10,0.0
region 5_2025-12-30_10,0.0
region 6_2025-12-30_10,0.0
region 7_2025-12-30_10,0.0
region 8_2025-12-30_10,0.0
region 1_2025-12-30_11,0.0
region 2_2025-12-30_11,0.0
region 3_2025-12-30_11,0.0
region 4_2025-12-30_11,0.0
region 5_2025-12-30_11,0.0
region 6_2025-12-30_11,0.0
region 7_2025-12-30_11,0.0
region 8_2025-12-30_11,0.0
region 1_2025-12-30_12,0.0
region 2_2025-12-30_12,0.0
region 3_2025-12-30_12,0.0
region 4_2025-12-30_12,0.0
region 5_2025-12-30_12,0.0
region 6_2025-12-30_12,0.0
region 7_2025-12-30_12,0.0
region 8_2025-12-30_12,0.0
region 1_2025-12-30_13,0.0
region 2_2025-12-30_13,0.0
region 3_2025-12-30_13,0.0
region 4_2025-12-30_13,0.0
region 5_2025-12-30_13,0.0
region 6_2025-12-30_13,0.0
region 7_2025-12-30_13,0.0
region 8_2025-12-30_13,0.0
region 1_2025-12-30_14,0.0
region 2_2025-12-30_14,0.0
region 3_2025-12-30_14,0.0
region 4_2025-12-30_14,0.0
region 5_2025-12-30_14,0.0
region 6_2025-12-30_14,0.0
region 7_2025-12-30_14,0.0
region 8_2025-12-30_14,0.0
region 1_2025-12-30_15,0.0
region 2_2025-12-30_15,0.0
region 3_2025-12-30_15,0.0
region 4_2025-12-30_15,0.0
region 5_2025-12-30_15,0.0
region 6_2025-12-30_15,0.0
region 7_2025-12-30_15,0.0
region 8_2025-12-30_15,0.0
region 1_2025-12-30_16,0.0
region 2_2025-12-30_16,0.0
region 3_2025-12-30_16,0.0
region 4_2025-12-30_16,0.0
region 5_2025-12-30_16,0.0
region 6_2025-12-30_16,0.0
region 7_2025-12-30_16,0.0
region 8_2025-12-30_16,0.0
region 1_2025-12-30_17,0.0
region 2_2025-12-30_17,0.0
region 3_2025-12-30_17,0.0
region 4_2025-12-30_17,0.0
region 5_2025-12-30_17,0.0
region 6_2025-12-30_17,0.0
region 7_2025-12-30_17,0.0
region 8_2025-12-30_17,0.0
region 1_2025-12-30_18,0.0
region 2_2025-12-30_18,0.0
region 3_2025-12-30_18,0.0
region 4_2025-12-30_18,0.0
region 5_2025-12-30_18,0.0
region 6_2025-12-30_18,0.0
region 7_2025-12-30_18,0.0
region 8_2025-12-30_18,0.0
region 1_2025-12-30_19,0.0
region 2_2025-12-30_19,0.0
region 3_2025-12-30_19,0.0
region 4_2025-12-30_19,0.0
region 5_2025-12-30_19,0.0
region 6_2025-12-30_19,0.0
region 7_2025-12-30_19,0.0
region 8_2025-12-30_19,0.0
region 1_2025-12-30_20,0.0
region 2_2025-12-30_20,0.0
region 3_2025-12-30_20,0.0
region 4_2025-12-30_20,0.0
region 5_2025-12-30_20,0.0
region 6_2025-12-30_20,0.0
region 7_2025-12-30_20,0.0
region 8_2025-12-30_20,0.0
region 1_2025-12-30_21,0.0
region 2_2025-12-30_21,0.0
region 3_2025-12-30_21,0.0
region 4_2025-12-30_21,0.0
region 5_2025-12-30_21,0.0
region 6_2025-12-30_21,0.0
region 7_2025-12-30_21,0.0
region 8_2025-12-30_21,0.0
region 1_2025-12-30_22,0.0
region 2_2025-12-30_22,0.0
region 3_2025-12-30_22,0.0
region 4_2025-12-30_22,0.0
region 5_2025-12-30_22,0.0
region 6_2025-12-30_22,0.0
region 7_2025-12-30_22,0.0
region 8_2025-12-30_22,0.0
region 1_2025-12-30_23,0.0
region 2_2025-12-30_23,0.0
region 3_2025-12-30_23,0.0
region 4_2025-12-30_23,0.0
region 5_2025-12-30_23,0.0
region 6_2025-12-30_23,0.0
region 7_2025-12-30_23,0.0
region 8_2025-12-30_23,0.0
region 1_2025-12-31_00,0.0
region 2_2025-12-31_00,0.0
region 3_2025-12-31_00,0.0
region 4_2025-12-31_00,0.0
region 5_2025-12-31_00,0.0
region 6_2025-12-31_00,0.0
region 7_2025-12-31_00,0.0
region 8_2025-12-31_00,0.0
region 1_2025-12-31_01,0.0
region 2_2025-12-31_01,0.0
region 3_2025-12-31_01,0.0
region 4_2025-12-31_01,0.0
region 5_2025-12-31_01,0.0
region 6_2025-12-31_01,0.0
region 7_2025-12-31_01,0.0
region 8_2025-12-31_01,0.0
region 1_2025-12-31_02,0.0
region 2_2025-12-31_02,0.0
region 3_2025-12-31_02,0.0
region 4_2025-12-31_02,0.0
region 5_2025-12-31_02,0.0
region 6_2025-12-31_02,0.0
region 7_2025-12-31_02,0.0
region 8_2025-12-31_02,0.0
region 1_2025-12-31_03,0.0
region 2_2025-12-31_03,0.0
region 3_2025-12-31_03,0.0
region 4_2025-12-31_03,0.0
region 5_2025-12-31_03,0.0
region 6_2025-12-31_03,0.0
region 7_2025-12-31_03,0.0
region 8_2025-12-31_03,0.0
region 1_2025-12-31_04,0.0
region 2_2025-12-31_04,0.0
region 3_2025-12-31_04,0.0
region 4_2025-12-31_04,0.0
region 5_2025-12-31_04,0.0
region 6_2025-12-31_04,0.0
region 7_2025-12-31_04,0.0
region 8_2025-12-31_04,0.0
region 1_2025-12-31_05,0.0
region 2_2025-12-31_05,0.0
region 3_2025-12-31_05,0.0
region 4_2025-12-31_05,0.0
region 5_2025-12-31_05,0.0
region 6_2025-12-31_05,0.0
region 7_2025-12-31_05,0.0
region 8_2025-12-31_05,0.0
region 1_2025-12-31_06,0.0
region 2_2025-12-31_06,0.0
region 3_2025-12-31_06,0.0
region 4_2025-12-31_06,0.0
region 5_2025-12-31_06,0.0
region 6_2025-12-31_06,0.0
region 7_2025-12-31_06,0.0
region 8_2025-12-31_06,0.0
region 1_2025-12-31_07,0.0
region 2_2025-12-31_07,0.0
region 3_2025-12-31_07,0.0
region 4_2025-12-31_07,0.0
region 5_2025-12-31_07,0.0
region 6_2025-12-31_07,0.0
region 7_2025-12-31_07,0.0
region 8_2025-12-31_07,0.0
region 1_2025-12-31_08,0.0
region 2_2025-12-31_08,0.0
region 3_2025-12-31_08,0.0
region 4_2025-12-31_08,0.0
region 5_2025-12-31_08,0.0
region 6_2025-12-31_08,0.0
region 7_2025-12-31_08,0.0
region 8_2025-12-31_08,0.0
region 1_2025-12-31_09,0.0
region 2_2025-12-31_09,0.0
region 3_2025-12-31_09,0.0
region 4_2025-12-31_09,0.0
region 5_2025-12-31_09,0.0
region 6_2025-12-31_09,0.0
region 7_2025-12-31_09,0.0
region 8_2025-12-31_09,0.0
region 1_2025-12-31_10,0.0
region 2_2025-12-31_10,0.0
region 3_2025-12-31_10,0.0
region 4_2025-12-31_10,0.0
region 5_2025-12-31_10,0.0
region 6_2025-12-31_10,0.0
region 7_2025-12-31_10,0.0
region 8_2025-12-31_10,0.0
region 1_2025-12-31_11,0.0
region 2_2025-12-31_11,0.0
region 3_2025-12-31_11,0.0
region 4_2025-12-31_11,0.0
region 5_2025-12-31_11,0.0
region 6_2025-12-31_11,0.0
region 7_2025-12-31_11,0.0
region 8_2025-12-31_11,0.0
region 1_2025-12-31_12,0.0
region 2_2025-12-31_12,0.0
region 3_2025-12-31_12,0.0
region 4_2025-12-31_12,0.0
region 5_2025-12-31_12,0.0
region 6_2025-12-31_12,0.0
region 7_2025-12-31_12,0.0
region 8_2025-12-31_12,0.0
region 1_2025-12-31_13,0.0
region 2_2025-12-31_13,0.0
region 3_2025-12-31_13,0.0
region 4_2025-12-31_13,0.0
region 5_2025-12-31_13,0.0
region 6_2025-12-31_13,0.0
region 7_2025-12-31_13,0.0
region 8_2025-12-31_13,0.0
region 1_2025-12-31_14,0.0
region 2_2025-12-31_14,0.0
region 3_2025-12-31_14,0.0
region 4_2025-12-31_14,0.0
region 5_2025-12-31_14,0.0
region 6_2025-12-31_14,0.0
region 7_2025-12-31_14,0.0
region 8_2025-12-31_14,0.0
region 1_2025-12-31_15,0.0
region 2_2025-12-31_15,0.0
region 3_2025-12-31_15,0.0
region 4_2025-12-31_15,0.0
region 5_2025-12-31_15,0.0
region 6_2025-12-31_15,0.0
region 7_2025-12-31_15,0.0
region 8_2025-12-31_15,0.0
region 1_2025-12-31_16,0.0
region 2_2025-12-31_16,0.0
region 3_2025-12-31_16,0.0
region 4_2025-12-31_16,0.0
region 5_2025-12-31_16,0.0
region 6_2025-12-31_16,0.0
region 7_2025-12-31_16,0.0
region 8_2025-12-31_16,0.0
region 1_2025-12-31_17,0.0
region 2_2025-12-31_17,0.0
region 3_2025-12-31_17,0.0
region 4_2025-12-31_17,0.0
region 5_2025-12-31_17,0.0
region 6_2025-12-31_17,0.0
region 7_2025-12-31_17,0.0
region 8_2025-12-31_17,0.0
region 1_2025-12-31_18,0.0
region 2_2025-12-31_18,0.0
region 3_2025-12-31_18,0.0
region 4_2025-12-31_18,0.0
region 5_2025-12-31_18,0.0
region 6_2025-12-31_18,0.0
region 7_2025-12-31_18,0.0
region 8_2025-12-31_18,0.0
region 1_2025-12-31_19,0.0
region 2_2025-12-31_19,0.0
region 3_2025-12-31_19,0.0
region 4_2025-12-31_19,0.0
region 5_2025-12-31_19,0.0
region 6_2025-12-31_19,0.0
region 7_2025-12-31_19,0.0
region 8_2025-12-31_19,0.0
region 1_2025-12-31_20,0.0
region 2_2025-12-31_20,0.0
region 3_2025-12-31_20,0.0
region 4_2025-12-31_20,0.0
region 5_2025-12-31_20,0.0
region 6_2025-12-31_20,0.0
region 7_2025-12-31_20,0.0
region 8_2025-12-31_20,0.0
region 1_2025-12-31_21,0.0
region 2_2025-12-31_21,0.0
region 3_2025-12-31_21,0.0
region 4_2025-12-31_21,0.0
region 5_2025-12-31_21,0.0
region 6_2025-12-31_21,0.0
region 7_2025-12-31_21,0.0
region 8_2025-12-31_21,0.0
region 1_2025-12-31_22,0.0
region 2_2025-12-31_22,0.0
region 3_2025-12-31_22,0.0
region 4_2025-12-31_22,0.0
region 5_2025-12-31_22,0.0
region 6_2025-12-31_22,0.0
region 7_2025-12-31_22,0.0
region 8_2025-12-31_22,0.0
region 1_2025-12-31_23,0.0
region 2_2025-12-31_23,0.0
region 3_2025-12-31_23,0.0
region 4_2025-12-31_23,0.0
region 5_2025-12-31_23,0.0
region 6_2025-12-31_23,0.0
region 7_2025-12-31_23,0.0
region 8_2025-12-31_23,0.0
